--실습문제 --
--도서관리 프로그램을 만들기 위한 테이블들 만들기--
--이때, 제약조건에 이름을 부여할 것
--   각 컬럼에 주석달기

DROP TABLE TB_RENT;
DROP TABLE TB_MEMBER;
DROP TABLE TB_BOOK;
DROP TABLE TB_PUBLISHER;


/*
    1. 출판사들에 대한 데이터를 담기위한 출판사 테이블(TB_PUBLISHER)
    컬럼 : PUB_NO(출판사 번호) - 기본키(PUBLISHER_PK)
          PUB_NAME(출판사명) -- NOT NULL(PUBLISHER_NN)
          PHONE(출판사전화번호) -- 제약조건없음
*/

--샘플 3개정도 생성
CREATE TABLE TB_PUBLISHER(
    PUB_NO NUMBER CONSTRAINT P_NO  PRIMARY KEY,
    PUB_NAME VARCHAR2(30) CONSTRAINT P_NA NOT NULL,
    PHONE VARCHAR2(20) 
   
);

INSERT INTO TB_PUBLISHER
VALUES(1,'서울문화사','010-1234-5647');
INSERT INTO TB_PUBLISHER
VALUES(2,'서울문화사','010-1234-5647');
INSERT INTO TB_PUBLISHER
VALUES(3,'부산문화사','010-1234-4321');


/*
    2. 도서들에 대한 데이터를 담기위한 도서 테이블(TB_BOOK)
    컬럼 : BK_NO(도서번호)--기본키(BOOK_PK)
          BK_TITLE(도서명)--NOT NULL(BOOK__NN_TITLE)
          BK_AUTHOR(저자명)--NOT NULL(BOOK__NN_AUTHOR)
          BK_PRICE(가격)-- 제약조건없음
          BK_PUB_NO(출판사 번호)--외래키(BOOK_FK)(TB_PUBLISHER테이블을 참조)
                                이때 참조하고 있는 부모데이터 삭제시 자식데이터도 삭제 되도록 옵션지정
                                
*/

CREATE TABLE TB_BOOK(
    BK_NO NUMBER CONSTRAINT BOOK_PK PRIMARY KEY,
    BK_TITLE VARCHAR2(30) CONSTRAINT BOOK_NN_TITLE NOT NULL,
    BK_AUTHOR VARCHAR2(30) CONSTRAINT BOOK_NN_AUTHOR NOT NULL,
    BK_PRICE NUMBER,
    BK_PUB_NO NUMBER REFERENCES TB_PUBLISHER(PUB_NO) ON DELETE CASCADE
--    BK_PUB_NO NUMBER CONSTRAINT BOOK_FK FOREIGN KEY(BK_PUB_NO) REFERENCES TB_PUBLISHER(PUB_NO) ON DELETE CASCADE
);
--5개 정도의 샘플 데이터 추가하기
INSERT INTO TB_BOOK
VALUES(1,'가나다라','최지원',15000,1);
INSERT INTO TB_BOOK
VALUES(2,'아응','백승환행님',10000,2);
INSERT INTO TB_BOOK
VALUES(3,'아잉','김진석',13000,3);
INSERT INTO TB_BOOK
VALUES(4,'아웅','정의철',14000,1);
INSERT INTO TB_BOOK
VALUES(5,'이야','정형일',5000,2);
INSERT INTO TB_BOOK
VALUES(6,'아야','정형일',5000,3);


/*
    3. 회원에 대한 데이터를 담기위한 회원 테이블(TB_MEMBER)
    컬럼명 : MEMBER_NO(회원번호) -- 기본키(MEMBER_PK)
            MEMBER_ID(아이디) -- 중복금지(MEMBER_UQ_ID)
            MEMBER_PWD(비밀번호) -- NOT NULL(MEMBER_NN_PWD)
            MEMBER_NAME(회원명) -- NOT NULL(MEMBER_NN_NAME)
            GENDER(성별) -- M또는 F로 입력되도록 제한(MEMBER_CK_GEN)
            ADDRESS(주소) -- 제약조건없음
            PHONE(연락처)-- 제약조건없음
            STATUS(탈퇴여부) -- 기본값을 N으로 지정, 그리고 N또는 Y만 입력되도록 제약조건 설정(MEMBER_CK_STA)
            ENROLL_DATE(가입일) -- 기본값으로 SYSDATE, NOT NULL 제약조건(MEMBER_NN_EN)
*/


CREATE TABLE TB_MEMBER(
    MEMBER_NO NUMBER CONSTRAINT MEMBER_PK PRIMARY KEY,
    MEMBER_ID VARCHAR2(20) CONSTRAINT MEMBER_UQ_ID UNIQUE,
    MEMBER_PWD VARCHAR2(30) CONSTRAINT MEMBER_NN_PWD NOT NULL,
    MEMBER_NAME VARCHAR2(20) CONSTRAINT MEMBER_NN_NAME NOT NULL,
    GENDER CHAR(1) CONSTRAINT MEMBER_CK_GEN CHECK(GENDER IN ('M','F')),
    ADDRESS VARCHAR2(100),
    PHONE CHAR(13),
    STATUS CHAR(1) DEFAULT 'N' CONSTRAINT MEMBER_CK_STA CHECK(STATUS IN('N','Y')) ,
    ENROLL_DATE DATE DEFAULT SYSDATE CONSTRAINT MEMBER_NN_EN NOT NULL 
    );

--5개 정도의 샘플 데이터 추가하기
INSERT INTO TB_MEMBER
VALUES(1,'RONALD','DMLCJF','정의철','M','서울','010-3232-5656','N','00/11/25');
INSERT INTO TB_MEMBER
VALUES(2,'MESSI','DMLCJF','메시','M','부산','010-3432-5656','N','00/01/25');
INSERT INTO TB_MEMBER
VALUES(3,'NEYMAR','DMLCJF','네이마르','M','브라질','010-3234-5656','N','99/11/25');
INSERT INTO TB_MEMBER
VALUES(4,'SUAREZ','DMLCJF','수지','M','서울','010-1234-5656','N','22/11/25');
INSERT INTO TB_MEMBER
VALUES(5,'BENZEMA','DMLCJF','벤제마','M','프랑스','010-4321-5656','N','87/11/25');
/*
    4.어떤 회원이 어떤 도서를 대여했는지에 대한 대여목록 테이블(TB_RENT)
    컬럼명 : RENT_NO(대여번호)-- 기본키(RENT_PK)
            RENT_MEM_NO(대여회원번호)-- 외래키(RENT_FK_MEM) TB_MEMBER와 참조하도록
                                        이때 부모 데이터 삭제시 자식데이터 값이 NULL이 되도록 지정
            RENT_BOOK_NO(대여도서번호)-- 외래키(RENT_FK_BOOK) TB_BOOK와 참조하도록
                                        이때 부모 데이터 삭제시 자식데이터 값이 NULL이 되도록 지정
            RENT_DATE(대여일) -- 기본값 SYSDATE
*/
CREATE TABLE TB_RENT(
    RENT_NO NUMBER CONSTRAINT RENT_PK PRIMARY KEY,
    RENT_MEM_NO NUMBER CONSTRAINT RENT_FK_MEM REFERENCES TB_MEMBER(MEMBER_NO) ON DELETE SET NULL,
    RENT_BOOK_NO NUMBER CONSTRAINT RENT_FK_BOOK REFERENCES TB_BOOK(BK_NO) ON DELETE SET NULL,
    --BK_NO와 MEMBER_NO는 기본키이기 떄문에 적지 않아도 된다.
    RENT_DATE DATE DEFAULT SYSDATE
);
--3개 정도의 샘플 데이터 추가하기
INSERT INTO TB_RENT
VALUES(1,1,1,DEFAULT);
INSERT INTO TB_RENT
VALUES(2,1,1,DEFAULT);
INSERT INTO TB_RENT
VALUES(3,2,3,'00/03/12');

COMMENT ON COLUMN TB_RENT.RENT_NO IS '대여번호';

--대여목록 조회
SELECT * 
FROM TB_RENT
JOIN TB_MEMBER ON(RENT_MEM_NO=MEMBER_NO)
JOIN TB_BOOK ON(RENT_BOOK_NO=BK_NO);